userid,ques_count,ans_count
73663,2,1
67986,4,1
50039,2,2
23851,2,1
27107,1,1
102852,3,37
79227,4,70
32429,18,2
79600,2,1
173,2,13
42498,9,5
52784,1,1
59073,1,1
69903,1,1
57082,7,1
77984,1,1
85517,1,2
110850,1,1
42424,3,2
18434,4,26
6458,2,3
31086,2,19
24703,5,1
18246,2,1
39513,2,7
105096,3,1
30210,3,1
112381,1,1
37109,3,4
80604,1,1
96653,3,1
76265,5,4
2742,1,1
90066,1,4
57148,3,1
9079,1,1
80034,2,1
42515,1,1
41728,1,42
41734,1,1
3530,1,3
63811,1,1
15850,2,1
13574,1,1
57727,8,1
16546,8,1
18951,1,1
83031,1,1
23710,4,5
18452,1,1
66861,1,1
76484,2,1
31457,1,6
17021,2,1
98970,4,1
4719,2,1
64096,1,8
52762,1,1
49617,1,1
35481,1,1
77618,2,1
89724,4,1
31582,1,2
53790,3,3
74791,1,1
47869,4,1
57904,1,1
64572,1,1
67307,1,1
52902,3,1
21625,1,1
4705,2,1
94609,1,1
52832,1,1
68783,1,2
79782,3,1
47531,1,1
59142,1,3
33188,1,1
13259,1,1
76625,1,1
8729,3,4
23800,3,1
4897,1,4
75890,1,2
75552,1,6
93816,3,3
17614,1,1
52925,1,1
12756,1,2
58736,12,5
62641,7,19
57099,3,1
86686,1,15
58635,1,1
88,5,1
71759,1,2
66194,1,1
105778,1,1
24984,6,1
78998,1,1
49577,1,1
54343,1,3
56985,8,1
24593,1,42
107215,1,1
103063,5,1
38472,1,1
37932,4,1
5257,1,1
75570,1,1
21044,2,4
10462,3,2
107231,1,1
95500,1,1
66901,2,1
62128,1,1
110147,1,1
111961,1,7
69515,1,1
289,2,4
42945,3,1
96244,1,4
47783,1,1
28175,24,344
97950,1,1
33338,14,4
110413,1,1
98775,11,7
87726,1,1
51044,4,1
54252,1,10
7739,2,1
39198,2,2
83663,3,2
5179,1,7
46674,1,2
38657,5,13
64758,4,2
32958,1,4
43846,2,1
24714,1,1
13335,1,1
59389,1,1
158,7,3
74246,2,1
21232,5,6
6567,4,1
67332,1,1
43455,13,3
846,2,2
24011,2,1
54229,7,6
5043,13,3
58259,1,1
63896,1,1
12942,1,11
80221,21,4
80775,1,1
84830,2,1
100007,2,1
59595,1,1
108346,1,1
68389,2,2
85331,1,3
51481,1,2
13285,3,10
52350,1,4
57691,5,1
44808,9,1
104959,4,1
32686,2,9
38339,5,25
28285,1,1
41000,2,4
19172,2,1
3050,1,1
87795,3,1
57380,1,1
5211,7,14
90404,7,1
83770,8,10
66022,1,1
5184,2,1
76779,9,3
30464,4,1
9420,1,79
74724,1,1
90518,3,7
16855,1,1
61522,10,2
83791,4,72
50899,5,2
68818,1,2
17987,1,1
68630,1,1
35847,1,1
46433,11,1
86244,5,1
107036,1,1
10465,1,2
80212,1,1
56624,3,2
6478,1,30
14009,2,1
30359,5,6
79186,4,1
66029,5,1
68639,2,1
79516,2,1
90319,1,1
27432,2,54
80860,3,5
68025,8,13
108997,2,1
91705,7,1
426,3,2
14518,1,4
41886,1,45
941,1,18
2433,1,6
19212,13,2
40378,1,1
1138,8,1
56433,1,2
63481,1,1
29810,3,1
92076,5,1
35650,1,3
40029,4,2
59033,1,1
52972,5,1
5143,6,15
58551,1,1
14672,4,2
43508,1,1
57610,8,1
91251,2,1
27906,1,1
110762,1,1
74140,4,1
33681,5,1
53985,1,1
33020,14,6
2647,12,4
77052,1,3
44083,7,1
43801,2,1
15445,1,4
45374,2,81
16104,1,1
79728,4,1
84845,1,1
5023,1,1
82809,1,6
33603,3,25
56195,1,11
49017,3,1
61563,1,5
8553,1,1
12384,1,37
43497,1,5
24157,3,1
12363,5,14
9174,3,1
71297,1,20
96529,3,1
28694,2,1
63471,2,1
23416,1,7
90275,1,1
8030,1,1
76209,1,2
42078,2,1
295,2,1
52300,2,16
76811,12,1
18139,9,1
23492,3,20
27003,2,5
65559,7,1
29064,1,3
74294,2,1
52738,3,1
42681,4,2
74036,2,1
59174,1,1
91563,2,1
5344,1,1
7738,1,3
102964,1,1
71533,1,1
45610,31,1
91465,2,28
30370,2,2
791,1,8
108536,2,1
92050,2,50
63933,1,1
82921,1,1
22061,1,1
83552,1,1
71442,19,253
86377,2,1
50727,31,157
101341,1,1
33095,2,2
28014,1,1
19056,1,1
32119,1,5
93862,2,1
3591,2,1
105140,1,1
42832,1,1
15569,9,28
41460,4,2
51638,2,3
57209,1,1
75158,2,1
37363,29,4
31038,1,1
3430,2,11
24119,11,1
37814,4,1
87239,5,2
39501,1,1
52310,1,1
44305,3,2
84,12,12
2452,1,89
68975,2,3
97191,1,1
99139,4,9
13875,3,1
42488,1,10
64137,1,1
69744,1,1
28234,1,1
54733,1,1
40711,1,1
77386,2,1
8152,2,12
42622,1,3
69777,1,1
69518,1,1
25311,2,9
77360,4,2
96574,4,38
28086,1,3
59737,1,1
96494,3,1
61647,1,1
12312,1,1
96431,1,1
69074,1,2
30335,14,4
4647,1,5
32884,2,6
65733,3,1
15361,1,30
12443,12,2
66612,1,2
62386,20,3
92398,1,1
79980,1,1
49332,1,1
63932,2,12
93564,3,3
80129,5,1
9728,3,12
49226,3,2
29415,1,1
21627,1,1
43983,4,4
836,6,427
1301,1,6
10975,2,2
9966,1,12
97460,1,1
64760,1,13
1077,1,23
104538,2,1
58445,2,1
13213,1,9
24662,1,1
61621,1,2
95463,2,1
75897,4,11
68068,2,2
56177,1,1
20517,3,9
2854,2,1
49770,1,1
14904,11,184
54205,1,3
15234,1,1
50146,35,5
91072,1,1
62789,1,2
60172,1,1
83895,1,1
75202,1,1
28209,1,2
96686,1,1
68370,1,1
27873,2,5
12356,1,1
2750,4,10
754,1,1
38492,5,3
110067,1,1
27989,1,3
26,10,16
40853,1,92
17484,12,2
61159,1,1
15735,3,1
17036,2,1
41058,4,8
53357,1,70
2454,5,6
2861,7,2
33163,2,1
37776,6,1
14955,1,1
5297,1,1
32240,3,2
36,2,1
30173,1,1
77831,4,2
65309,3,1
105222,1,2
28714,1,2
57789,1,2
96481,2,1
3400,1,1
57700,3,1
73039,2,1
65767,10,43
45289,1,1
97244,1,1
41591,20,8
15790,2,4
2723,17,14
867,2,19
30613,5,2
69241,1,1
104403,3,1
39907,1,1
49637,3,1
45182,3,3
68283,2,3
29260,1,2
23567,3,1
89372,1,1
99332,3,1
92098,1,1
90206,1,8
64596,2,30
59310,1,1
59854,5,2
58587,2,1
101245,1,1
6433,4,2
107825,2,1
12867,9,2
70716,1,1
18369,3,1
30043,1,3
82278,1,1
103144,2,1
29412,2,25
78798,1,1
9867,2,6
52974,3,2
39233,4,1
26814,1,3
10427,1,2
91826,5,72
31093,1,1
13450,10,1
74982,2,1
83887,1,5
74873,18,1
59047,3,1
44389,2,10
61883,9,1
73740,8,1
64577,1,2
9637,2,2
90762,1,1
43541,1,1
104872,2,1
12241,3,6
63011,1,1
96106,3,2
65323,8,28
74525,3,1
64610,1,2
68313,17,3
80071,3,1
46293,1,2
2515,1,13
24818,2,14
26239,1,1
37022,1,1
84989,1,4
78443,3,26
74068,4,1
111272,1,1
15613,26,1
386,3,2
54442,3,1
97877,1,2
74339,4,1
54671,1,1
9465,3,5
58990,1,2
73836,1,1
15885,1,1
57659,1,3
41034,1,1
16201,1,1
30507,2,8
54846,2,1
30712,2,1
109764,1,1
11141,3,7
21251,2,1
31346,1,2
101251,4,3
86020,1,1
105781,1,1
14427,4,1
28482,1,3
15215,2,3
89695,2,1
27992,1,1
78435,1,1
50030,1,2
4824,1,1
83862,4,1
8662,1,1
69689,1,3
29931,4,2
49780,2,1
9070,1,2
96215,1,1
21473,1,1
111865,1,1
34153,1,40
52311,1,1
91766,1,1
25345,2,2
26800,4,1
60262,1,1
63995,1,9
105051,1,1
64889,1,1
18150,1,12
52128,4,1
76640,1,1
13457,5,1
24180,1,1
84602,4,8
5266,1,1
69296,10,1
74973,1,2
96792,1,1
58334,1,1
31723,1,1
17817,1,1
59868,3,1
52648,1,1
30910,1,2
14625,1,2
47767,1,1
28685,2,10
91262,2,2
14200,4,1
40270,1,1
79110,1,5
38596,1,1
76154,1,1
44680,11,5
51,1,2
51125,13,5
82204,1,1
14167,2,1
29335,1,2
71544,4,1
54209,2,1
41929,14,15
16152,1,1
99185,1,1
78512,1,4
87355,22,8
23305,5,132
76109,7,1
68706,1,4
30075,1,2
77461,1,1
63843,8,1
79779,1,2
63565,5,5
9766,1,3
69614,1,1
45264,1,429
67794,1,1
65232,1,1
28812,3,1
73600,1,6
95676,1,2
63906,2,24
75,1,25
45698,1,1
21145,1,1
59947,2,1
1279,1,24
90395,2,2
19065,3,1
104181,1,1
83520,1,1
23380,1,8
75685,3,1
75157,2,97
60714,7,1
41004,1,1
97,15,27
69800,1,1
32947,3,1
78683,1,3
90407,1,3
99033,4,1
43954,1,2
26675,2,1
57545,7,1
49061,1,1
5316,1,2
44340,1,1
108857,1,1
5103,2,1
104732,1,1
44189,1,1
87779,3,2
70994,4,3
66782,2,4
66872,1,1
87430,1,1
60710,20,2
50833,3,71
25085,1,1
10694,3,1
118,1,5
14560,4,30
87204,2,2
18481,2,2
16199,2,1
16284,1,17
35471,1,1
39423,2,1
54395,9,81
24412,1,3
13517,1,2
70145,1,1
58747,2,2
88429,2,1
59136,2,2
43768,1,1
40360,1,1
14070,6,2
60782,1,1
53919,1,1
80921,1,1
7720,3,4
44537,1,5
100782,1,4
18507,1,1
5247,1,5
47569,1,4
6403,5,2
45216,1,1
10902,4,28
63445,1,2
110435,2,1
100587,1,1
13521,1,2
51708,2,1
39081,3,1
58679,1,1
92553,2,1
78098,1,1
16548,1,1
76236,1,1
33551,1,91
41525,1,40
32433,1,1
73365,1,4
107948,1,1
90937,2,3
13416,1,1
66117,17,2
18632,1,1
35437,1,1
1097,9,1
32280,5,2
34138,7,2
43604,2,1
102942,3,22
53648,13,7
44637,3,4
76937,1,1
103774,1,1
89010,2,1
91644,7,1
63654,1,11
89200,2,1
74719,12,3
7961,1,2
29348,1,1
70960,1,1
60011,2,1
77170,1,4
42613,1,1
74855,13,4
83591,2,1
64965,1,2
100985,1,2
37088,1,2
17290,2,36
50069,1,1
93812,1,1
39706,4,3
85308,1,2
80072,21,3
61916,1,2
50471,1,7
57973,2,1
85398,5,57
43996,1,3
60946,1,1
27250,2,13
89562,2,1
79844,1,12
64981,5,4
33245,5,3
27172,1,2
33970,2,1
56913,8,1
31975,1,1
82088,2,2
32637,1,1
15847,1,1
23556,4,1
31399,1,2
39274,1,1
32906,1,1
62938,18,3
1426,20,28
103952,1,1
10683,2,3
40400,2,1
26761,2,1
87270,1,5
13833,1,3
10463,2,1
75405,9,1
12792,1,1
81995,2,1
3568,1,1
1163,1,1
88005,1,1
41047,1,1
24379,3,4
64717,1,2
27741,2,1
82908,1,1
43469,2,4
43803,1,1
68260,1,10
66108,1,2
19161,2,41
27724,1,1
8037,1,1
66508,2,3
76058,2,1
80272,1,5
51778,2,1
37626,8,13
34033,1,2
18248,2,1
52885,1,1
30838,1,1
10938,3,2
60648,2,1
41306,2,1
24885,21,8
2928,1,1
107836,1,1
2511,4,8
76306,1,1
28922,2,4
53976,1,1
37059,14,7
25611,3,3
51852,1,1
10915,3,1
13382,1,1
70297,4,1
26141,2,1
12586,1,1
84016,3,1
65908,7,2
10620,3,37
79235,2,1
65495,1,1
3281,5,2
70832,1,4
45058,1,1
43473,7,1
31819,2,1
39934,1,4
30038,1,1
88741,3,7
59162,1,4
18843,10,13
80547,1,1
62069,3,1
20974,4,1
85995,1,1
46785,1,8
37156,1,1
67537,32,1
21120,1,1
82603,4,1
74267,1,3
79049,3,1
20544,2,1
62446,3,1
29914,2,1
82643,4,1
46628,1,1
16853,6,48
65434,1,1
58411,1,3
52891,3,7
16338,3,2
21182,1,1
2932,1,45
53383,2,1
47078,2,2
68006,1,1
46107,3,4
41155,1,1
14667,4,1
25163,3,1
13598,1,1
22065,2,2
45433,1,1
13413,6,29
890,4,2
28915,3,1
32440,2,14
77102,6,1
80285,1,1
70152,2,1
100320,1,3
46490,1,1
35596,1,2
80636,1,1
9793,21,1
69611,1,1
14360,11,2
53223,1,1
100294,4,1
10479,1,1
95155,6,1
20687,1,1
82030,1,1
52823,1,1
43472,10,11
56354,4,76
23773,4,3
63767,2,1
32230,2,5
28450,3,1
20907,1,4
413,1,3
111030,1,1
108058,1,1
30459,1,3
107499,1,1
8236,2,1
58499,1,1
25289,1,1
98402,3,1
61378,2,1
6554,1,3
9489,1,1
16368,2,6
21775,1,2
7848,4,7
64500,7,1
61156,3,1
59396,1,1
58629,1,1
27634,2,1
77460,1,1
46645,3,1
64856,9,1
40235,1,2
44456,15,76
15412,21,40
70614,6,2
52852,1,1
80582,1,1
61445,33,15
41072,2,1
47522,4,1
18407,1,1
62077,2,1
53372,2,4
87195,1,1
91482,4,1
49293,1,5
15946,5,4
58449,6,1
28011,2,1
45913,1,1
8191,1,3
45907,31,1
43975,1,1
42460,1,3
70862,1,2
88041,1,1
57493,7,11
5180,1,1
14391,1,1
51668,7,2
28101,1,2
33701,3,6
78078,2,3
58341,1,241
49114,1,1
67183,5,1
16427,1,1
5182,1,1
85540,2,7
3132,1,3
38903,1,1
92011,2,1
70254,1,1
50406,21,59
49696,1,1
8752,2,17
42363,1,1
60239,1,1
68023,5,70
76801,4,1
91875,2,1
11097,18,112
27396,2,1
9304,1,1
38330,4,1
26202,9,11
3592,1,1
27962,5,1
10512,8,1
23367,1,1
70402,1,1
70958,1,2
58300,1,1
31245,1,4
89571,1,1
42058,1,1
47688,1,3
7842,1,1
35795,1,1
42648,1,2
14340,1,1
974,3,1
39208,1,3
19261,8,3
41557,16,2
40139,1,1
14994,1,22
43621,1,1
53721,1,1
38271,1,8
74668,1,1
66252,8,1
14145,1,1
52196,5,1
69845,4,1
5380,2,2
58923,1,2
31822,4,10
63237,1,13
15318,1,1
73446,1,1
20429,8,6
28534,1,2
70460,1,1
31603,2,1
61406,3,4
40182,4,1
100866,1,1
75124,1,1
84566,10,1
82826,4,1
60445,2,1
24696,9,3
43647,1,2
67444,1,1
1241,2,7
9219,1,1
110876,1,1
100034,8,5
24795,1,1
37648,1,12
111169,1,1
88749,2,2
29882,2,3
86588,1,5
80425,4,3
84461,1,1
98127,1,17
105229,1,1
78392,2,1
74787,2,1
79037,5,5
30973,1,1
85855,2,1
12473,4,62
80761,3,1
97996,2,1
54040,6,1
54401,1,1
39052,1,1
3466,9,19
19011,1,2
29109,1,1
20800,3,1
63469,2,1
103697,1,11
79904,1,1
59553,3,1
63779,1,1
80406,11,1
76386,4,2
106706,5,1
201,21,72
23240,29,101
53994,2,4
20722,2,5
76794,1,12
14588,1,55
98215,2,1
4619,4,1
32860,6,2
35809,2,2
27702,1,2
96740,1,1
38911,8,3
43110,3,1
45107,2,2
86571,3,2
107980,1,7
77900,1,32
47699,2,1
33334,1,1
31434,14,37
50863,5,3
106183,3,13
32587,1,1
91510,1,1
52089,4,121
83161,3,14
32669,4,2
13216,1,1
30360,1,1
53025,6,1
13891,10,1
28581,1,1
51993,1,1
78365,5,5
84857,1,1
80252,2,1
6608,1,1
94162,1,1
102768,1,10
17359,2,1
33279,20,1
78067,1,1
77164,5,2
30107,3,27
23905,1,3
93805,1,1
83473,31,8
65699,3,2
18693,3,1
30381,2,1
57237,18,7
75553,5,1
403,1,6
32243,26,4
51369,4,1
78698,1,1
39387,5,1
13027,1,1
78730,1,1
44139,4,48
71581,1,2
10777,1,5
45945,1,1
5279,1,4
31528,1,1
82016,2,1
78377,3,2
67835,1,2
66386,12,3
87993,1,1
69028,1,1
24913,2,1
41777,1,1
25905,1,4
47832,13,19
30578,1,13
10049,5,2
46200,13,2
44198,1,4
87876,7,1
41193,1,15
57091,1,2
20524,1,1
81999,1,6
96850,10,1
18047,2,1
79863,3,1
3232,1,1
27984,1,2
45507,2,45
18418,3,11
37330,6,28
58155,8,5
83459,1,1
70570,2,1
12580,1,4
84576,1,24
62846,29,16
14372,4,8
77015,1,1
45389,1,1
24225,1,1
87882,1,1
106282,11,4
45166,1,50
95264,2,1
84696,3,1
4770,1,1
37572,1,5
77210,1,1
14310,1,7
39820,1,3
37808,2,3
71326,1,4
99078,2,1
85147,3,1
86559,1,1
43048,3,1
50992,1,1
8842,2,1
44875,2,1
4871,1,1
58685,1,11
14732,1,2
59252,2,10
54404,1,1
9388,3,2
65131,23,263
17696,3,61
56922,26,10
3314,41,2
59563,1,1
52426,3,2
65047,1,5
51411,1,1
98614,1,80
89795,26,1
2614,3,1
73259,1,5
47842,2,1
60503,1,62
51216,1,1
9768,1,4
18665,2,1
113,2,1
106702,4,2
1004,1,1
49032,13,4
112053,1,4
16135,2,4
44192,1,1
99838,6,6
5233,1,1
51209,4,40
20995,1,1
52049,1,1
33827,1,1
89545,2,16
21198,3,1
67412,1,40
14006,1,58
94362,1,1
110071,1,1
17047,4,2
16812,2,4
40857,1,3
78008,1,1
48997,2,1
39442,1,1
378,4,3
67339,1,1
32764,2,3
50532,4,1
51431,3,1
60902,6,7
77061,3,1
42238,4,1
92332,3,1
52360,1,1
45545,1,3
41491,2,1
52494,2,1
24158,1,1
93744,4,27
45852,2,2
26952,1,1
107008,1,1
4620,1,1
77373,1,1
52971,1,5
104871,2,3
86339,26,167
9497,1,1
107944,1,1
77585,1,1
76546,1,20
1048,2,5
53439,2,1
51007,11,1
96218,1,1
41087,1,1
73114,3,1
69822,18,65
46356,1,1
43569,1,1
83598,1,4
1283,2,1
54953,1,4
26748,1,3
57330,1,1
63327,6,2
21755,1,2
47649,1,1
2817,2,1
94100,1,1
56938,2,1
53151,1,1
32511,3,1
73821,1,1
60636,6,1
8005,1,9
18247,2,3
42354,1,20
112375,1,1
33466,3,1
77116,1,2
32189,1,4
98063,1,1
64985,5,7
96533,1,1
77928,1,1
16050,15,3
73441,21,79
25529,1,2
60742,2,6
19094,1,1
26050,2,5
54390,1,3
67110,1,3
87028,10,3
71525,1,1
28938,2,1
95253,1,1
50473,1,1
56537,2,1
17355,1,2
16680,2,1
41254,1,1
68624,1,1
100967,5,2
32402,1,10
100734,2,1
74279,3,1
79236,1,1
70342,13,4
59373,1,1
107996,1,1
58539,2,1
39811,1,4
63968,2,1
23159,3,57
21056,1,1
83375,2,1
10024,3,3
49542,1,1
29644,2,2
29799,1,2
76635,3,1
75841,1,1
44424,1,1
41888,3,1
52517,1,1
59586,1,1
16693,1,1
21936,1,1
22054,1,2
31186,1,1
2841,2,2
71375,2,2
8878,1,195
28917,2,1
9191,5,5
8206,1,3
8953,1,6
69823,1,1
18682,2,1
9663,4,1
39338,3,8
20372,3,15
14909,14,4
74902,1,1
28367,1,1
33428,1,1
100905,1,4
17116,5,8
33323,5,1
21464,2,1
12858,2,3
31736,3,1
13348,2,1
62093,1,1
50862,10,3
13100,14,1
60724,1,1
104392,6,6
38355,1,11
79530,2,1
69452,1,2
75260,6,1
69671,2,1
67270,1,1
229,1,2
69240,1,1
53361,4,1
32164,1,3
89253,1,1
82055,1,2
91724,16,13
15420,1,1
94070,3,1
66177,3,1
58135,1,23
64469,1,3
9591,1,1
1127,4,3
58977,2,1
58890,1,2
64230,2,1
39547,3,1
51474,1,1
17712,1,1
51223,4,1
24742,3,1
26019,18,11
99541,3,1
51211,1,1
107170,1,3
97076,2,1
63693,3,1
74748,1,1
8073,1,1
76275,20,1
69569,1,4
58261,1,1
98182,1,12
67508,1,1
26976,3,1
4978,5,1
65710,2,14
30805,1,1
29456,1,1
57019,10,1
88079,8,1
89473,1,1
96720,3,2
9197,6,2
83265,1,1
77067,1,1
106477,2,1
73413,1,1
70478,7,1
57434,8,2
80850,1,1
78131,2,1
33978,3,5
5091,34,31
49456,12,1
61484,1,7
84640,2,1
66026,1,1
43514,3,1
80333,1,1
30519,1,1
31977,1,1
70320,2,1
40424,1,1
64775,1,1
29767,1,1
54612,3,2
31046,4,5
47158,1,1
26856,11,1
82,5,10
10882,1,3
15828,6,52
111515,1,1
24651,5,1
52678,2,2
30406,2,1
29479,1,1
66804,1,1
85334,1,1
54683,1,2
38112,1,1
37793,1,9
23679,3,1
66974,12,1
53001,6,1
110351,1,1
17784,2,1
62743,1,3
73609,1,1
109372,1,1
43914,1,3
62,1,3
31599,14,3
57098,1,1
26382,1,1
57662,2,2
23262,1,1
69963,13,3
39311,1,1
65225,5,7
434,5,31
97006,2,1
76087,3,1
61043,1,1
27872,1,1
24392,1,1
29430,9,1
16699,2,1
59173,1,1
96209,6,1
32901,1,1
51262,2,1
99727,1,1
108340,1,5
84154,1,2
3211,1,2
9769,2,2
23945,1,1
86139,1,1
87145,2,2
75728,1,1
33453,1,1
2576,3,35
79523,3,1
51126,2,1
37280,1,1
56589,2,2
26257,1,2
104378,1,1
67502,2,6
906,3,3
29169,8,27
97370,7,1
96102,3,1
56227,1,2
77950,1,1
29878,1,1
35930,6,1
44623,1,1
51839,5,2
49143,1,7
46143,6,8
44658,2,1
51812,1,28
10701,1,1
16111,4,3
58376,2,1
44654,2,1
10814,2,33
106732,1,39
13736,41,5
8284,1,4
82068,3,3
21692,1,2
29157,7,5
63449,1,1
418,2,9
9053,6,2
690,1,1
13578,1,2
59171,5,31
110099,1,1
85057,1,1
17208,7,33
67008,1,1
10834,1,1
88439,1,1
15604,1,2
46374,9,1
474,3,1
60094,1,1
95813,1,1
68664,2,4
116,1,1
73209,4,18
8251,1,2
79071,1,1
51024,1,1
82636,1,1
1272,1,1
106310,1,1
82778,1,2
43077,66,32
21262,2,1
14789,3,1
47818,1,1
8338,5,1
85635,2,1
44240,1,2
85391,5,2
61998,3,2
456,1,2
50870,4,2
93892,1,1
31015,2,6
723,3,5
101393,1,1
17283,2,1
62614,8,1
10998,1,1
51280,1,11
79602,3,1
89474,2,3
16971,3,3
39640,1,1
52601,2,3
50428,1,1
43215,1,10
88354,3,1
684,4,5
25337,1,1
33532,1,2
112030,1,1
4697,1,1
6518,1,1
97861,2,6
50896,1,1
59087,13,3
54503,2,1
87594,5,5
39830,10,7
65556,3,1
61904,3,1
52860,1,1
7922,2,1
83669,4,1
63228,1,1
69478,2,42
979,4,6
20585,14,1
49556,1,1
53137,1,1
46360,1,12
32192,4,1
33183,10,1
38272,1,1
5041,2,17
16538,2,21
88303,3,1
78564,3,2
101259,1,1
42831,1,3
554,1,3
69670,1,39
50828,7,2
56233,3,1
43921,4,1
12536,1,1
24792,3,5
13671,1,1
57429,9,3
49914,7,17
83425,4,1
75474,3,14
57967,1,1
89019,4,5
69806,3,1
17699,2,2
25543,1,1
45450,3,1
27768,3,2
13727,1,65
10548,6,4
52290,1,1
36949,3,3
25843,1,1
89193,2,1
20374,2,1
16195,1,1
29801,1,4
73060,1,1
57233,7,15
25115,1,1
20933,1,3
111152,1,1
57250,1,4
17497,1,2
39963,1,49
32762,3,5
63096,5,25
35420,2,1
9988,14,8
18516,2,1
58471,6,2
107339,1,2
66639,1,1
15905,2,1
24895,5,16
59783,2,5
52109,3,19
82659,1,1
91281,1,1
68990,3,2
108020,2,1
95267,1,1
88539,3,1
100928,1,1
23126,1,1
45177,3,16
73938,2,1
66040,2,1
65292,1,1
30017,1,1
50445,1,1
100104,1,1
10949,1,1
17404,1,1
37609,1,1
24453,1,3
10345,10,11
27450,1,1
10327,3,10
25673,3,2
24813,1,1
18465,1,11
16024,6,36
78269,7,1
18321,1,3
46396,1,1
30392,1,1
28916,3,1
68172,1,1
26444,2,20
40791,5,1
50534,1,22
34110,1,1
8041,1,32
65398,1,2
52713,1,1
103857,3,25
68494,1,1
68532,1,1
8310,1,1
98752,1,1
26316,2,2
80328,2,2
51714,12,55
97683,1,3
29889,2,1
7999,2,1
12202,15,2
100262,10,1
98625,1,2
24575,2,2
3070,3,30
107412,8,1
79133,1,3
14327,1,1
53818,1,1
77914,4,3
29353,2,3
95383,2,1
73820,1,1
82528,1,1
75738,11,16
74040,3,1
74725,2,1
92149,3,2
50641,6,1
63018,2,1
13023,7,42
13068,1,1
46782,2,1
42903,1,2
52719,1,29
78867,2,1
62725,1,3
5110,1,1
57634,1,1
3024,10,8
28384,3,2
90226,2,54
33716,2,1
63800,6,6
5342,1,1
23334,4,3
29959,1,1
33922,1,11
68208,4,3
49700,35,14
93699,5,1
70363,1,2
8174,1,1
45741,2,1
21749,3,19
75096,2,2
9565,1,1
59013,2,4
57431,1,1
31446,2,3
9257,6,14
45603,9,2
58488,2,12
49884,2,1
14684,5,1
26525,3,5
74839,1,1
33530,1,1
47022,2,5
25040,1,1
29365,2,2
12515,22,59
8560,5,98
54468,2,6
97069,1,1
34116,1,3
59298,1,1
922,1,1
29616,1,1
54587,2,1
77970,1,1
74134,2,1
68154,2,8
2920,2,2
94862,1,1
27916,10,31
43108,1,7
67388,1,1
43870,8,4
19214,1,1
31464,1,2
23097,2,1
18019,1,1
45799,1,7
50519,2,10
16310,2,2
555,1,1
98408,2,1
61332,1,1
9322,5,1
14981,1,1
847,6,29
78929,1,1
86954,2,1
54754,9,1
87526,2,1
42882,3,3
12527,4,15
42940,2,1
87819,1,2
29534,3,4
60026,1,2
76834,1,1
106414,1,1
42865,1,1
34,1,2
29090,2,1
82772,2,1
73792,4,2
46981,1,1
78268,2,1
94199,2,2
95494,6,2
68174,1,1
45726,1,21
57693,2,1
47074,1,1
26163,16,2
80416,3,1
109820,2,2
65655,2,23
25800,1,21
24968,2,4
14665,1,1
8951,2,1
71271,1,1
44446,2,1
837,1,1
43243,1,1
39814,1,1
47488,1,22
83275,16,26
10314,2,4
65425,1,1
33137,3,1
12898,1,1
79434,4,1
54178,1,1
30006,11,1
90718,1,1
85362,2,2
59193,1,2
843,27,40
62097,2,20
33478,1,1
13630,1,1
13165,12,2
23091,1,2
108234,1,1
13384,1,2
75218,1,4
79542,1,1
62282,11,1
30754,1,1
43061,1,1
8237,1,2
105614,1,1
68013,3,1
18680,1,1
45385,2,4
15927,5,1
17771,1,3
59178,1,3
49717,2,1
250,3,3
23983,1,1
13087,6,1
57310,2,1
17618,1,1
21086,1,1
42634,1,2
90153,2,1
4774,1,1
66759,16,17
96312,12,4
45086,1,7
322,1,3
62082,1,1
31043,1,1
73965,1,1
86594,3,1
83273,1,3
58508,1,2
100936,1,1
92484,2,1
30346,1,1
75549,4,1
101580,1,30
59160,1,2
53003,1,1
44965,3,1
90661,3,1
37698,1,1
49290,1,1
52480,2,1
103585,1,1
96775,1,1
430,4,1
17959,2,9
69646,20,12
8432,16,1
3159,3,1
15663,1,1
9123,6,74
99252,3,5
86092,1,1
59271,1,1
29912,2,2
61672,1,1
31496,4,1
50832,3,1
54907,2,7
29134,2,39
65228,4,13
83800,1,1
91355,1,2
67062,1,1
12262,1,1
97653,2,3
25915,2,2
76920,1,1
79817,1,1
83901,1,1
101300,5,1
61880,1,10
57779,1,3
80143,1,1
38307,1,2
13686,6,18
3077,1,7
43107,1,1
65776,22,3
70137,1,1
25837,4,2
45356,1,1
14763,1,2
77356,5,1
54581,2,1
76412,1,1
68572,5,2
78059,5,6
78585,1,1
49411,1,1
84626,2,55
15199,1,1
375,1,5
30036,1,2
103849,4,1
71824,1,3
11,1,2
1330,6,648
23997,1,1
82861,1,1
14562,1,2
102727,1,1
68457,2,1
100318,1,4
44611,1,1
99415,1,1
110767,1,1
69793,3,1
87712,2,2
21560,53,2
95642,1,2
27983,4,44
15083,1,1
58789,8,18
3108,3,1
58384,13,4
32554,1,1
64950,4,2
73399,1,2
40002,1,1
42926,1,9
68048,1,1
16872,1,1
50083,2,2
21596,5,2
13002,1,3
26422,1,1
58746,1,1
84636,1,1
454,1,4
50811,1,1
227,3,2
79753,1,1
44299,3,6
42248,3,3
68333,1,3
73521,1,1
37736,5,1
75687,2,1
54623,5,1
24089,1,1
13518,26,11
14829,2,3
65153,4,7
56883,1,1
43438,1,10
70169,6,4
99504,1,1
5224,6,4
47728,1,1
84968,1,1
41204,16,5
15519,1,1
30624,1,4
2489,7,1
92125,1,1
73795,1,1
60574,3,1
64356,1,6
10815,1,1
46891,1,1
6646,1,1
88557,1,1
53479,1,31
101552,1,1
3151,17,15
78184,1,1
56570,1,1
8650,4,3
37822,7,9
56927,1,1
27226,2,1
59004,20,2
71504,2,1
44039,1,34
89170,1,1
105824,3,1
74397,6,17
7969,2,8
98306,1,2
1256,1,15
78870,5,2
89929,1,2
103518,1,1
98121,18,26
1244,3,2
97152,1,1
75982,3,1
76202,1,6
106563,1,1
77162,5,13
5144,1,2
70606,1,1
5246,1,1
64,1,1
20327,2,2
74985,1,1
51163,2,1
40426,4,1
74118,1,37
26562,2,74
32569,1,1
60974,3,1
51129,38,1
71218,17,111
94526,2,1
87792,1,1
44945,1,1
35644,5,70
802,5,4
91700,5,1
9814,1,3
76955,7,2
58824,3,1
21024,14,51
9941,2,1
69263,5,9
99648,9,3
19096,3,3
96652,3,1
75528,3,1
79193,1,1
31364,1,1
77875,1,2
110525,2,1
10171,4,1
45821,6,2
4676,1,2
38887,9,163
71246,23,6
47637,1,1
50497,1,1
3503,4,1
42852,1,1
676,1,28
89471,1,1
15325,9,2
54818,1,1
54145,1,1
105607,1,1
26329,8,1
76787,1,1
25359,2,1
49997,13,4
12215,1,1
387,2,1
13485,2,1
16410,1,1
41602,1,1
21988,2,6
43147,3,16
793,5,2
90958,4,1
14152,1,4
37125,1,1
36935,4,1
98969,4,1
67068,2,18
21565,1,1
32130,1,2
63171,2,2
57588,1,13
69484,6,3
44994,4,2
79231,1,1
89055,1,1
76917,1,6
89157,1,1
104161,5,43
32288,7,7
33272,2,1
29714,3,3
95836,2,1
70307,1,5
84779,1,1
66785,1,1
25217,1,5
61253,1,5
26907,1,1
10127,1,4
82698,7,2
303,22,125
108211,2,2
1406,3,3
21254,26,1
80732,1,4
28628,3,60
41312,3,3
110573,1,1
91674,2,2
96237,6,1
27519,2,1
61676,1,2
57561,3,1
63282,1,8
78821,2,1
24420,1,1
42821,1,9
73796,1,1
98194,1,1
60206,1,1
78897,5,1
61239,5,1
91528,3,1
111325,1,1
69151,2,1
8820,102,108
2958,1,1
71515,6,2
63620,1,1
30835,1,2
85521,11,1
9575,2,1
44865,2,1
80396,1,1
78107,2,2
6550,5,32
95008,3,1
65447,7,1
64107,1,4
78409,8,2
52589,1,1
45494,2,1
10094,4,3
1131,3,3
52840,1,1
35549,1,2
79892,1,4
29399,2,1
44519,1,1
23614,2,3
21257,6,1
70393,13,1
156,1,3
93958,1,1
107691,1,38
80969,1,1
47635,1,1
17907,2,1
63377,1,1
94570,1,1
40384,1,1
88745,1,1
16218,5,2
106851,1,1
52940,1,3
84921,1,1
66104,3,11
59387,3,1
13714,3,2
53543,1,1
66788,1,47
40951,8,1
25583,1,1
68460,2,3
10365,1,1
96592,3,1
74497,2,1
67050,7,13
53812,5,53
27665,1,54
73930,3,42
52816,10,1
50689,1,1
98405,1,1
34006,1,1
50746,3,2
13625,4,1
26260,1,1
77977,1,2
76445,1,1
43398,3,1
21608,1,56
30121,2,2
192,1,2
66736,2,1
12987,1,1
67993,5,1
98414,1,56
29897,1,1
17256,1,3
8517,12,10
29457,1,1
43326,1,1
104143,7,8
42291,2,1
33393,1,1
32307,1,1
22012,4,4
80106,1,1
50257,4,1
58700,2,1
17054,4,1
13529,1,1
45506,2,6
45191,8,2
24409,2,25
12861,1,1
77295,2,1
464,1,1
58196,1,7
588,1,2
44074,1,2
30099,1,1
21433,2,6
46731,1,1
52588,4,4
38917,2,1
73150,3,1
49466,1,3
88071,2,1
57461,1,13
60621,1,1
46282,3,1
73547,2,1
59385,1,3
15690,4,1
79160,5,1
109872,1,1
30802,1,1
83302,1,2
6448,1,1
9035,4,2
2487,1,1
76176,3,1
27537,1,4
87711,1,1
7966,10,4
105458,1,1
49517,7,1
71567,1,1
101318,5,1
7763,1,11
43783,1,1
25867,4,1
82379,1,1
47739,1,3
43765,2,1
86325,3,2
97903,2,1
53039,2,1
14675,2,310
8214,3,1
29217,2,44
74560,5,2
76740,1,1
9787,1,3
34165,3,6
37548,6,2
40137,2,3
31626,3,1
57178,1,3
3044,7,3
70950,1,2
38145,1,8
23701,2,1
85993,1,1
51836,9,18
26643,5,3
75102,1,1
50338,1,1
49590,2,35
109134,3,10
83361,1,2
8417,2,1
67816,1,1
1093,5,3
74421,13,40
83877,5,1
19067,5,1
16964,3,1
110932,5,1
86446,1,1
34028,3,9
18661,7,10
57997,1,1
26211,1,2
122,19,1
32940,2,2
87317,6,1
95503,1,2
